generating_model,generating_model_label,id,dataset_seed,alpha_0,nu_0,nu_1,tau_0,alpha_1,alpha_2,alpha_3
m0,M0,s000,2025,-0.0461950886700327,0.3671427859091035,-0.719441012568992,-0.6634220249431935,,,
m0,M0,s001,2026,-0.2158592601558515,-0.6964369839145317,0.1557853337531413,-0.0132348799147131,,,
m0,M0,s002,2027,0.2046200747194016,0.1531565606407801,-0.4927403006430769,0.0855019091778976,,,
m0,M0,s003,2028,-0.569896022103351,0.4362539806426164,-0.8433808488623438,0.993473468441146,,,
m0,M0,s004,2029,-0.2081571439069665,-0.319510572105797,0.1403014745109483,0.875503795097636,,,
m0,M0,s005,2030,0.7017801007629578,-0.5617359611175211,0.0906017815001093,0.3716850254600738,,,
m0,M0,s006,2031,0.7588556070519039,-0.5149417529461158,0.2012488338135587,-1.3380482618471292,,,
m0,M0,s007,2032,0.4804912104444999,-0.463542489571386,-0.6877881908880502,0.4791858106781405,,,
m0,M0,s008,2033,0.1838545815741925,-0.0461088577063033,-0.2225727737214532,1.4883936426390727,,,
m0,M0,s009,2034,-0.0174368477767884,0.1330044362947751,0.1149517929364437,0.9988225546148198,,,
m0,M0,s010,2035,0.1572393258951483,-0.16751088980737,0.3015980770734666,-0.008434380357094,,,
m0,M0,s011,2036,-0.2111975160678101,0.2559288750629592,-0.2006847616823191,0.5861377493351468,,,
m0,M0,s012,2037,0.292289101955756,1.265780695965616,0.127486973560566,1.8562693986644223,,,
m0,M0,s013,2038,0.93686189532182,-0.1471816695781695,-0.8770927612438527,-0.8197578567650384,,,
m0,M0,s014,2039,-0.315442121978668,-0.8698990180879069,0.8878561769903237,-0.9361798975991588,,,
m0,M0,s015,2040,0.0649040688610161,-0.184411180194093,0.311997297060457,-1.4979802725989984,,,
m0,M0,s016,2041,-0.0886053615450044,0.2437315321259343,-0.0800939157050248,1.2931356331105257,,,
m0,M0,s017,2042,0.2796512484243933,0.645717788434129,1.1367811293684498,0.6828304132824702,,,
m0,M0,s018,2043,-0.1333859207001224,-0.1478746326045137,-0.2520686154783582,-2.4749515924681926,,,
m0,M0,s019,2044,-0.7318623575186965,-0.3011532140924793,-0.0560132178841604,2.4849032038421974,,,
m0,M0,s020,2045,0.0725990138582195,-0.6893294171302463,0.1525748388079,-0.3219213036857214,,,
m0,M0,s021,2046,0.1075330468850746,0.4420834372214559,-0.5804424376205609,-0.2156161711168201,,,
m0,M0,s022,2047,0.2199116285859469,0.1298856942043453,-0.2681051017798233,0.0690412343475929,,,
m0,M0,s023,2048,-0.5229487175448321,0.1290296149798956,0.0893220842132804,0.8992986595529977,,,
m0,M0,s024,2049,-0.0024569053441153,-0.490480335725284,0.1439347487290914,2.2930808643725342,,,
m0,M0,s025,2050,0.5443613091257296,-0.3721848504278929,0.2499389700564944,-0.3689423382239838,,,
m0,M0,s026,2051,-0.4707597950447262,0.4616627837759137,0.0615368865807554,-0.6144435511953144,,,
m0,M0,s027,2052,0.3450764885491621,1.877113484684331,-0.5352390728131744,-0.0629724897172665,,,
m0,M0,s028,2053,0.5874451568192871,-0.2619709372565652,0.1220518288476048,0.3876893271093905,,,
m0,M0,s029,2054,0.7276643687989346,0.0187555596214746,0.1081283466254681,0.1016525105069737,,,
m0,M0,s030,2055,-0.387166438630987,-0.2653567931031503,-1.1401343423908643,1.2076042099561248,,,
m0,M0,s031,2056,-0.5063102750278325,0.4589681047274157,0.1143529715461602,0.4926325111668073,,,
m0,M0,s032,2057,0.3313779559642836,-0.3317108553680645,-0.033870058644477,0.7708085576380668,,,
m0,M0,s033,2058,-0.0874486027005482,-0.1459312010753005,-0.1483825363110068,0.5965917197963596,,,
m0,M0,s034,2059,-0.0094233595530872,0.7465389583402244,-0.2507542150299164,0.6635573294537831,,,
m0,M0,s035,2060,0.1859656245961921,-0.1735702175481064,-0.0269395012186833,1.6402371229875865,,,
m0,M0,s036,2061,0.4063655150246657,0.4914692822121086,-0.2795596393502259,-1.2278369041219042,,,
m0,M0,s037,2062,0.4008359617940336,-0.4480781086921034,-1.1515418180242047,0.7323295853899093,,,
m0,M0,s038,2063,0.0739010165182809,-0.2256430352950978,0.0027056913970349,-0.9592890408025048,,,
m0,M0,s039,2064,0.6034429918962562,-0.4700273462521894,-0.1323753598558722,1.1528787626055144,,,
m0,M0,s040,2065,-0.3627338453027535,0.5962298713715541,-0.5789663548485957,1.5246505635945429,,,
m0,M0,s041,2066,-0.1663583145077363,-0.5505520896563976,0.2667644286405079,1.022626732043746,,,
m0,M0,s042,2067,0.3373257567296187,-0.460078120175302,1.1837038538403857,0.768426979720666,,,
m0,M0,s043,2068,0.3004123289920078,0.2759872491345512,0.2534020244361466,-0.6396097132577688,,,
m0,M0,s044,2069,-0.3728454703120999,0.61789446174621,0.4521253221046088,0.1729977850403322,,,
m0,M0,s045,2070,0.5823173685243129,-0.2786371001197485,0.5758230674137803,0.341404174240495,,,
m0,M0,s046,2071,0.3785434825294678,0.3520362352707354,-0.5807596569773759,-1.255397605660767,,,
m0,M0,s047,2072,-0.6171787181874966,0.1669340213313664,-0.2859612016628093,-0.9797892892118732,,,
m0,M0,s048,2073,1.4622923391511955,0.7873235759058087,-0.6149815314032199,-0.2986244836468688,,,
m0,M0,s049,2074,-0.0959928986448425,0.7027778584802432,-0.3570010191268478,2.17734194639056,,,
m0,M0,s050,2075,-0.5983980312809478,0.3570480312144202,0.3140480873260698,1.2697540814048511,,,
m0,M0,s051,2076,-0.2980952222448801,-0.7887671013026291,-0.1815741364988125,-0.4215586735720398,,,
m0,M0,s052,2077,-0.3615091783667012,0.0097256576204427,-0.4488231257650816,0.4136809017913701,,,
m0,M0,s053,2078,0.9179784503566786,0.0404336482434652,-0.4916477360411281,-0.980165122137829,,,
m0,M0,s054,2079,0.1149131269724653,-0.0381401177291389,-0.2704714019037125,0.8368686551964591,,,
m0,M0,s055,2080,-0.446191459897069,-0.6689917862505329,-0.0187707716618051,0.4447516196249971,,,
m0,M0,s056,2081,0.2188537630569707,0.745070958015549,0.1886983768672503,-1.7395344939958972,,,
m0,M0,s057,2082,0.7246884672028869,0.2735261880707141,-0.6192471065285924,0.0042396979277856,,,
m0,M0,s058,2083,-0.7484645842607593,0.2772894832957422,0.7627285344950193,2.1995935425271846,,,
m0,M0,s059,2084,0.7984207854550774,-0.7328303997361821,-0.2945619222000619,0.8146794465760276,,,
m0,M0,s060,2085,0.0339793438329929,-0.2354978507095102,-1.0616542214538474,-0.6083657288277435,,,
m0,M0,s061,2086,0.2783901788682343,0.3545835209847754,-0.0311744132466586,1.1825490540089183,,,
m0,M0,s062,2087,-0.7407020000199092,0.4113964115719456,-0.1991462012124603,-2.358134624640526,,,
m0,M0,s063,2088,0.3898573232135268,0.2663454855034715,0.0178962288954718,-1.672661675152074,,,
m0,M0,s064,2089,-0.1060414051565573,0.5710218468948535,0.7426553722423886,-1.1301257458267109,,,
m0,M0,s065,2090,-0.8029574378648172,-0.1560154578592283,0.4692960309347048,0.7696165725156183,,,
m0,M0,s066,2091,-0.3957284758140182,0.4520066374990469,0.2514806551955451,-0.7105230086979558,,,
m0,M0,s067,2092,1.1554470158119794,0.0805069649540058,-0.7723693659691102,1.771460797176344,,,
m0,M0,s068,2093,0.9368021849028672,0.1485215607614018,0.414714692099842,-2.2814619887933403,,,
m0,M0,s069,2094,-0.2491975104666969,-0.2189975569378378,0.1215960738778524,-1.067516647824202,,,
m0,M0,s070,2095,-0.286853698722696,0.0311364332961117,-0.280290633794081,-0.784797108517456,,,
m0,M0,s071,2096,0.9602821463717522,0.1398025583744468,-0.4008966702245763,-1.853915720651822,,,
m0,M0,s072,2097,0.6483335905316053,-0.5226974075645822,-0.0526037306323651,-1.8885885495437664,,,
m0,M0,s073,2098,-0.95089652073022,-0.2483664644913056,0.6098291660202918,1.4279337059459136,,,
m0,M0,s074,2099,0.2981694935353707,-0.3771276002371216,0.0725216674141166,0.412403064860507,,,
m0,M0,s075,2100,-0.1265443890603345,-0.3185736066721124,-0.9547973133067268,-0.1061385742957932,,,
m0,M0,s076,2101,-0.0614333161344517,0.3845403088020707,0.0516086279809926,0.6123897211878475,,,
m0,M0,s077,2102,0.6096240801506632,-0.7138546032293935,0.7594123357814454,0.8577643221479353,,,
m0,M0,s078,2103,-0.3758473945510128,0.91174462171168,0.4713085806971744,-1.5032981197450754,,,
m0,M0,s079,2104,0.3473305051612807,-0.036516408437853,0.1335632342604879,2.546532195072708,,,
m0,M0,s080,2105,-0.208290513096758,-0.8335906624766146,-0.1691250487017159,-0.0889585707122825,,,
m0,M0,s081,2106,0.7138487179222086,0.0752660581942824,-0.9006722055423323,-0.7264639068822815,,,
m0,M0,s082,2107,0.4588564130614035,0.0874318004179862,0.2203360146474678,-0.7722047790732876,,,
m0,M0,s083,2108,0.8871839533220474,-0.3332913779224739,-0.1310318123203309,0.655301408132494,,,
m0,M0,s084,2109,0.3267973889161101,0.085444569415501,-0.0310596317183431,0.3554177227086626,,,
m0,M0,s085,2110,0.914290947581894,0.2666486856799492,0.3377628124277901,0.4703714093211422,,,
m0,M0,s086,2111,0.104334736636787,-0.1900944845380785,-0.8253061290595624,0.4529848233716778,,,
m0,M0,s087,2112,1.0351070732372596,0.4988379210328832,-0.2494041796978732,0.2851012503128538,,,
m0,M0,s088,2113,-0.4022351468926282,-0.0464182000528653,-0.3226503435168437,-0.7635610298231896,,,
m0,M0,s089,2114,-0.0499833871642976,0.5802244380886471,-1.156839606265361,-0.4997400725367605,,,
m0,M0,s090,2115,0.6947444329200801,-0.0829653315868335,-0.1841492145083056,-0.483971691127419,,,
m0,M0,s091,2116,-0.5853705479430565,-0.634566935544907,0.7121493161084023,0.7135647140139322,,,
m0,M0,s092,2117,-0.2455244432975948,-0.1730034654658465,-0.7581549772254341,1.2616541933835446,,,
m0,M0,s093,2118,0.546298491774952,0.4380603834536455,-0.5565303449337548,-0.2015608905445566,,,
m0,M0,s094,2119,0.0926703375352833,0.0660478700292849,0.2776995708226108,-0.4573764159482288,,,
m0,M0,s095,2120,-0.5491028769150477,0.2681658289742203,0.4874882810498606,-1.565366915194314,,,
m0,M0,s096,2121,0.5227415674823586,1.021275699759514,0.3676009580325261,-0.4392713000750553,,,
m0,M0,s097,2122,-0.64131410826094,0.1083772548142527,-0.1710423057442904,0.021077888766789,,,
m0,M0,s098,2123,0.3380595594404866,-0.2255782693694284,-0.5414308154335098,-0.2437719963129785,,,
m0,M0,s099,2124,-0.0274966165551007,-0.1349277619616786,-0.02613311962644,-0.982173630499887,,,
m1,M1,s000,102025,0.1665048415478756,-0.3084499899567917,0.6099623192330187,-0.5110823316322067,0.5653804529026663,,
m1,M1,s001,102026,0.9982139461386396,-0.3463166183421879,-0.3088119995602166,1.9863160751690687,0.1152243298355697,,
m1,M1,s002,102027,-0.5576467406871359,-0.0884874001633571,0.0878325579681148,0.0177471795917466,0.0333805259844037,,
m1,M1,s003,102028,0.6984981168791367,0.4547253962822195,-0.4180844860605454,0.4876949091381856,0.5053523014666025,,
m1,M1,s004,102029,-0.6228667240607062,-0.2134336823547444,-0.8189988847756012,-2.008135971773444,-0.4185144691433383,,
m1,M1,s005,102030,1.3407941705009985,-0.3724597413893457,-0.2848136197393577,-0.1082956970292013,-0.0483121214088113,,
m1,M1,s006,102031,-0.1209494183158303,0.0023713037215384,0.3095412425544629,1.1689635492273862,0.589952103117605,,
m1,M1,s007,102032,-0.3476863000734243,-0.0898499383175277,0.0668155285091227,-0.9674776396912408,0.5712450544873595,,
m1,M1,s008,102033,0.0341124412533593,-0.485530452267996,0.3400555446927069,1.3753520470327445,-0.0060963931211003,,
m1,M1,s009,102034,0.666098578639778,-0.9850622065604714,0.2257680642631837,-2.1597166734136444,0.8344908730136388,,
m1,M1,s010,102035,-0.1311603850830376,0.8647802931498593,0.6928534774314932,1.0376253094263348,0.6892172533027201,,
m1,M1,s011,102036,-0.4051465620031391,-0.7290189586225992,0.7038241936048903,-0.0642281797972584,0.323960342228514,,
m1,M1,s012,102037,0.0844974891176157,-0.4653110559958492,0.2703500200218154,1.6152752206240435,0.3061025335860418,,
m1,M1,s013,102038,0.1807771155990032,0.777372972393982,0.0291004546229153,0.0254190866359743,-0.6230014198119869,,
m1,M1,s014,102039,-0.0192289045387537,0.1394428549590347,-0.4689210072888488,-1.20097506856799,0.4582722226649992,,
m1,M1,s015,102040,0.3676131847280751,1.1969632327180253,-0.0995187127785385,-0.4015207698056994,0.9729243732062058,,
m1,M1,s016,102041,-0.0173355545629859,-0.1146628983452241,-0.5444083068099449,1.2412829445164786,0.6855223198424223,,
m1,M1,s017,102042,0.3054235957217862,0.5586937881171762,-1.6864851320589789,0.6711543861293214,0.608659305235121,,
m1,M1,s018,102043,-0.3021305388107123,0.1980779464383887,-1.0388499302881389,1.1699153959752755,-0.7447095944189283,,
m1,M1,s019,102044,0.0506991839749733,-0.2694688304009793,0.6162109140240621,0.3854422136994387,0.2294520592285443,,
m1,M1,s020,102045,0.1974685432675583,-1.5701666862834294,-0.5108276423598919,0.2543933038121102,-0.1962060763806227,,
m1,M1,s021,102046,0.6491175864061635,0.0539571403325903,0.2950652316579907,-0.6425985696964671,-0.1016014489978869,,
m1,M1,s022,102047,-0.5476553818877474,-0.5277458267860677,-0.0921333033264497,-0.3158038587247099,0.4439912920267056,,
m1,M1,s023,102048,0.6451797289929455,-0.1784154023237006,0.2246828528719745,0.0433172256392036,-0.0021502655720063,,
m1,M1,s024,102049,0.2378022974167906,-0.592209344838347,-0.4517399006563356,0.9661209277452004,0.5599494919107242,,
m1,M1,s025,102050,0.0924692949961257,0.6713777843235378,-0.0571819533830711,-0.2379067876113623,-0.626397619498529,,
m1,M1,s026,102051,0.7483312657389543,-1.1522167886633032,0.59059924237051,-0.0276503977508286,-0.4514237665653017,,
m1,M1,s027,102052,0.1906884843794043,-0.8713473420680784,-0.6922571727715853,0.6986165240061379,-0.8128170460441412,,
m1,M1,s028,102053,0.1652695518439456,0.0813305044707669,-0.507648475864943,1.1169775878083263,-0.3648091815616461,,
m1,M1,s029,102054,-0.0300349635716526,0.4213259050930195,-0.3168456922175271,0.0704957257108244,-0.4648797693535641,,
m1,M1,s030,102055,-0.2538104622831335,-0.3502771311506375,-0.8561248194637241,-0.5311648183940001,0.4106982476286756,,
m1,M1,s031,102056,0.2780813048045135,-0.4242424350623615,-0.4216046019875704,-0.6533983982192132,0.3270177336217599,,
m1,M1,s032,102057,-0.7219812665393929,0.0180329364898372,0.2334894279463773,0.5701525438724123,-0.2955678729039361,,
m1,M1,s033,102058,-0.6313897538782918,-0.2248620710063764,-0.5086642542694336,0.7261175273719732,-0.3378251390705032,,
m1,M1,s034,102059,0.6449068604533216,-0.0265154849467408,-0.8351243911117028,0.0293180063118072,0.5958545891020656,,
m1,M1,s035,102060,0.2682520732440352,-0.3245148561693405,0.2662841919739607,0.0638930755089817,-1.0377840796906863,,
m1,M1,s036,102061,0.0017467854030008,-0.1944141263020747,-0.7374750461275895,1.107126568114643,-0.4899845189221847,,
m1,M1,s037,102062,0.0250477866274525,0.1865008237733586,0.2539487121643797,1.4943476577448485,-0.2125329587108698,,
m1,M1,s038,102063,0.4308469390367448,0.3552765757206967,-0.4876671367755858,0.5564643826708506,0.1600730646436464,,
m1,M1,s039,102064,0.3926353669921533,-0.5097901947253721,0.6832644243310237,0.1148948911334354,0.1528434611918444,,
m1,M1,s040,102065,0.1299628507642023,-0.1482499398448705,-1.1653650872495949,0.6321730953330951,-0.8731775636289483,,
m1,M1,s041,102066,-0.1194157451095446,0.0752627612674144,-0.1232018676469997,0.2481060391524524,-1.0166717196954234,,
m1,M1,s042,102067,-0.3035632680168255,0.7190946317518426,-0.4435959001221446,-0.3625918385921446,-1.2106689399366386,,
m1,M1,s043,102068,0.640838935570618,0.26026827814484,0.1835378818330069,-0.8294231481714813,0.1293515284138972,,
m1,M1,s044,102069,0.2464216036655171,-0.4244292909091329,-0.1385022037045155,-0.5215224976772733,-0.2283259528473116,,
m1,M1,s045,102070,0.3053002875791183,0.6805710179203859,-1.1999894741090982,-0.1584974118823893,0.8995632962881511,,
m1,M1,s046,102071,-0.7216012880777816,0.6770238970637903,-0.0468936114957618,0.8710630515717154,-0.289995585505283,,
m1,M1,s047,102072,-0.0954225569563527,-0.7055629090464918,0.2202235901725537,0.2042426236203036,0.9456725813577864,,
m1,M1,s048,102073,0.1157841183380559,0.2781836522328501,-0.8865592320809418,-0.4351481461844816,1.214155369591959,,
m1,M1,s049,102074,-0.1595907461066408,-0.3432131969696939,0.2493669047404519,-0.869328238270717,-0.0608755039894566,,
m1,M1,s050,102075,-0.074153597773487,0.4035703543255424,0.5685035594139464,-0.6592625981711703,0.2913677333203938,,
m1,M1,s051,102076,0.4431387384774143,-0.1487674362198375,0.0131245065078723,0.893732197259258,0.655112238832202,,
m1,M1,s052,102077,0.3885565859005934,0.3337154370819714,0.084245386236897,-0.80989930393896,0.0369368642148914,,
m1,M1,s053,102078,-0.371670226470651,0.45018027594639,0.6812663146344218,-0.8316223001501147,0.2268521091384518,,
m1,M1,s054,102079,-0.3255288417090387,0.1116319340017777,0.8289855140780596,0.3207712571664706,0.2233447623252535,,
m1,M1,s055,102080,-0.2592575516622021,-0.0848319280818055,0.2399860461138622,-0.5299652205141652,0.1317238568606396,,
m1,M1,s056,102081,0.1133502071401217,0.3526273563241735,-0.6219694687894217,-0.4235785355106781,0.177112369974729,,
m1,M1,s057,102082,0.2352051817496603,-0.7072232147820519,-0.8564391766185054,0.2869959006445219,-0.3969988774594286,,
m1,M1,s058,102083,-0.4497641412780223,0.0282722513508269,0.3682538460148029,0.9949232803083622,0.4267527403182,,
m1,M1,s059,102084,-0.1034653812226099,-0.1756686440494137,0.299953702462193,0.0018623284473409,0.1957249181868293,,
m1,M1,s060,102085,-0.0583991706221899,-0.1154740800905258,0.5146170504627015,0.8282021961116652,-0.0249491645458026,,
m1,M1,s061,102086,0.6176004598754855,0.3620662079869104,-0.0840400238495487,-2.008776903202628,0.1172193237131164,,
m1,M1,s062,102087,-0.1207042538631531,-0.0663956533134925,0.3974626926913671,0.7447809103473403,0.4632392216852142,,
m1,M1,s063,102088,0.239234463827028,-0.1531551139236404,0.0914297278405973,2.523369145895753,-0.1327627043285294,,
m1,M1,s064,102089,0.958526749778936,0.2258042006497516,-0.0703396990527003,0.4190444954477035,-0.7045330507819767,,
m1,M1,s065,102090,-0.3913547070668233,-0.0992451706090947,0.283728844561321,-0.4954768422311993,-0.0942596034005811,,
m1,M1,s066,102091,0.1945297260366192,-0.6698901632181484,-0.66286330202733,0.99849142702338,-0.4498267180671836,,
m1,M1,s067,102092,0.6107893307277249,-0.2336693905933312,-0.9749134204275058,-0.510773044612203,0.0553507356816794,,
m1,M1,s068,102093,-0.7811841298989535,-0.2245322903780029,0.2491348980605478,0.1480642472174704,-0.0489988158134532,,
m1,M1,s069,102094,-0.5968551767850568,0.6624047853242558,0.9150047161277782,0.3078796859980272,-0.6295784030049534,,
m1,M1,s070,102095,-0.3021598949270374,0.4362683151939182,-1.151266660465427,2.2287748345994,0.0590080827930316,,
m1,M1,s071,102096,1.226867907169576,-0.486343005531362,-0.457680179393535,1.4920672648810909,0.0844914675514301,,
m1,M1,s072,102097,-0.1382265261583803,-0.4308366380541457,0.7253923716052646,-0.1826768676499643,-0.4715820106052623,,
m1,M1,s073,102098,-0.3859582533516499,-0.5330920372912896,-0.5906882190715262,-0.1123130990895965,-0.1921824487163724,,
m1,M1,s074,102099,-0.8890982972882956,0.2141061504511374,-0.2425721761537231,0.6940043255556948,0.3777548213239023,,
m1,M1,s075,102100,-0.4518107381976629,-0.348004413121328,0.4174313738188854,-0.1478496943961852,-0.768109784912794,,
m1,M1,s076,102101,-0.1399175226625919,-0.2055329340303527,0.0443516128723118,-0.1178753218470013,-0.5890242611562558,,
m1,M1,s077,102102,0.9450752966300474,-0.5810643952896022,-0.7269290016723958,-0.0221498157372699,-1.158046775977372,,
m1,M1,s078,102103,0.466166298302467,0.7705069827444601,-0.1734866150016741,-2.2419816805452792,-0.1903940692182532,,
m1,M1,s079,102104,0.1610827685561067,0.2534538682784643,0.526274127775754,-1.050221132338917,0.0387750268368358,,
m1,M1,s080,102105,-0.4246641649539022,0.1472627273092294,-0.0429938404794437,-0.474747490953156,0.8135407394501113,,
m1,M1,s081,102106,-0.5939725405373604,-0.4281704615828638,0.097340978613503,-0.8295664507474345,0.2424529298905678,,
m1,M1,s082,102107,-0.8566257259002091,0.8111492323433411,-0.0341955614780217,1.3919909693877743,0.529287750970589,,
m1,M1,s083,102108,0.6102248706359107,0.2012364402771286,-0.0098634436712364,0.9398136656190182,-0.5344312822054242,,
m1,M1,s084,102109,0.7189469944453323,-0.505726604170533,-0.2099025867568581,-0.2007500844979666,0.3680769058048682,,
m1,M1,s085,102110,-0.6881400160780621,0.4849683708456519,0.1386525831504073,0.3710624680836455,-0.0218346385666911,,
m1,M1,s086,102111,1.1026278543565198,0.4982241124029067,0.1392206310608837,-0.3436291790920243,0.8244183106065276,,
m1,M1,s087,102112,0.4301284425200088,-0.3606663964008965,0.4626305743556056,0.6575357838054317,0.8044165056104818,,
m1,M1,s088,102113,-0.1417761240070047,-0.7271424677698902,-0.8907260465868795,-0.2031589810682099,-0.0950595974973475,,
m1,M1,s089,102114,-0.2103145653830048,0.2873983734183195,-0.0575139055565148,-1.11129161151696,-0.0089785571264582,,
m1,M1,s090,102115,-1.1064363016583396,0.0434595056124538,-0.621388103287049,0.4971899278285221,-1.3962722678711008,,
m1,M1,s091,102116,0.1692965417631342,0.4980927290193974,-0.4833522755416988,1.0194217003008623,-0.1833977754647456,,
m1,M1,s092,102117,0.0739079264416841,0.067503483563352,-0.3773958720299847,0.1858460205545579,-0.2439187397074913,,
m1,M1,s093,102118,0.3242593012521259,-0.2297231142706612,-0.0442162990491702,-1.0080917192247316,-0.1508952688771322,,
m1,M1,s094,102119,0.9411288627671528,0.2046978964442197,0.6170447156612964,0.3369871019514645,-0.5344934445190473,,
m1,M1,s095,102120,-0.4767558983298388,1.3587113697031563,-0.2158113409335333,-1.3142549488794284,0.0526595542653538,,
m1,M1,s096,102121,0.2030723742585428,-0.5484340915154733,-0.3988425795789688,0.173746295883205,-0.3475880001801509,,
m1,M1,s097,102122,0.1890553060736566,0.6907407243985466,0.1996143236576861,1.1629396031338073,0.4622899379156755,,
m1,M1,s098,102123,-0.0627111465630835,0.1239576233735283,-0.0098532408569099,-0.772612452567411,-0.5786882161820626,,
m1,M1,s099,102124,0.0032840197095267,-0.4314348389440649,0.3602531674306424,1.8411680426482395,-0.5020491010236334,,
m2,M2,s000,202025,-0.0211437207672616,-0.5277080362076192,0.040108674627714,1.7827490766038112,-0.480306276229986,,
m2,M2,s001,202026,-0.0448013208693492,-0.2520520131653955,0.4398072657038951,1.0273256964595805,0.2468231644382366,,
m2,M2,s002,202027,0.7602217009360339,0.6131282000858261,-0.0072823099285564,-0.2615214239227941,-0.4860467665634956,,
m2,M2,s003,202028,-0.2756811937686905,-0.0424079037795064,0.0729839868787963,-1.19053253335657,-0.0044031128936622,,
m2,M2,s004,202029,0.497490208132634,1.1819032133622744,-0.7788917623921207,1.083732967375175,-0.0858115188293526,,
m2,M2,s005,202030,0.1774825385565022,0.559328733863752,0.6633136172573535,1.9330243683150892,-0.2585194828609215,,
m2,M2,s006,202031,0.2209304058798893,-0.6551882354591202,0.32560998255717,0.7101079214357277,0.1082832281251551,,
m2,M2,s007,202032,-1.0500646620420755,0.1814209306801184,0.5084660958693139,-0.5896733485878125,-0.5457627646315989,,
m2,M2,s008,202033,-0.6135783768182056,0.6305749948074557,-0.1580614221221704,-0.7307664888378265,-0.9707594726696378,,
m2,M2,s009,202034,0.0372659176777353,0.2510011737925907,-0.5082685867547663,1.091994347158815,0.2297484730345926,,
m2,M2,s010,202035,1.037241532132695,0.1648292992806983,0.8777579521184373,-0.0166117118424976,-0.917435578879002,,
m2,M2,s011,202036,0.4000305734831972,0.4999691935168883,0.01974535065051,-2.279887642074949,-0.1281988619738651,,
m2,M2,s012,202037,0.090607928102404,-0.3623312544806095,0.1423653553695864,-0.4584137352082336,-0.1504884183258448,,
m2,M2,s013,202038,0.0392465520323841,-0.4186480220509592,0.6434929075355346,0.2995693496836313,-0.0719537253058026,,
m2,M2,s014,202039,-0.3130285835797541,-0.2733363515106806,0.2853126546814686,0.1812248023121649,-0.20100489756779,,
m2,M2,s015,202040,-0.8620694056217385,0.0893972261715734,0.4743916733717017,1.8638068048679537,0.0171340051634311,,
m2,M2,s016,202041,-0.5880121113542217,-0.4236781339421586,0.1096965062147035,0.1864636324937907,-0.851287386876178,,
m2,M2,s017,202042,-0.1199769608923847,0.8778699008539947,-0.0894315457711577,1.1317648926638022,0.131114961049931,,
m2,M2,s018,202043,0.9111734822415524,0.1706459209405028,-0.0995078761098036,0.1596539956841496,-0.0095470371459466,,
m2,M2,s019,202044,0.1481954269948824,-0.0961297011489533,-0.8455110398805934,-0.9516008051523568,0.7387204317381323,,
m2,M2,s020,202045,-0.5453637104358953,0.5211573464933441,0.5476117358370006,-0.0473340188254845,-0.0893580476550252,,
m2,M2,s021,202046,-0.7474373813940196,-0.7954652349775971,-0.7345923131549301,-1.1513170518736864,0.0746465037484393,,
m2,M2,s022,202047,-0.262693681594121,0.0714340564781772,-0.4685915074544707,0.6685234306930021,-0.5788122032531965,,
m2,M2,s023,202048,0.6848087204499076,-0.1646058758105364,0.3180056365486089,-0.7135400599183163,0.4500789155512505,,
m2,M2,s024,202049,0.5038702541206703,0.4059427075220179,0.0525447725510345,-0.946204590647891,0.5724599557816851,,
m2,M2,s025,202050,-0.7191849635162547,-0.1868549120431822,-0.0145069013827066,-1.495691131283591,-0.1964632792460607,,
m2,M2,s026,202051,0.4981657629345958,0.1771704685713369,0.2355414149069122,0.7487518687800236,-0.8364723951787624,,
m2,M2,s027,202052,-0.1698966226336665,0.7768043544923118,0.4152608427944755,-1.527333635426424,0.5125118593330587,,
m2,M2,s028,202053,0.0161107720552323,-0.5527224752496428,-0.0163447407001468,-0.4254422672893884,-0.2456973697822002,,
m2,M2,s029,202054,-0.2640909243645442,0.505186331936292,0.1838147401662903,-0.6803116630545656,0.6093650568353766,,
m2,M2,s030,202055,0.0098673795095542,-0.288220469875431,-0.532553012759204,-0.1268048305897932,-0.2122998993064786,,
m2,M2,s031,202056,0.7752581376632856,-0.1719000107854326,0.8391552132189067,1.480937221947168,0.5328703925893948,,
m2,M2,s032,202057,-0.2604606200809304,0.0539758315532415,-0.4528983783398778,0.7122046062331692,0.2651829617826876,,
m2,M2,s033,202058,-0.1433945560167938,-0.8218133936295604,-0.0875000624287174,0.0874004973434051,0.0424636186415697,,
m2,M2,s034,202059,0.2678306129914825,0.315762495079564,-0.3726168631124738,-0.7316573186384719,-0.2758074677559425,,
m2,M2,s035,202060,-0.4011501308258874,0.1211622278634482,1.3956937113792252,-1.0931765600336731,-0.0167347366926001,,
m2,M2,s036,202061,0.4720684523861149,-0.2508636999132678,1.4607776857051031,-1.6941553709283372,0.021549739937227,,
m2,M2,s037,202062,-0.4421152055917733,0.4435399792749839,-0.3094908422722575,-0.2352880382750408,-0.4625873639334021,,
m2,M2,s038,202063,-0.4861898448757253,0.0524884569958511,0.6174813864895763,1.6053820895117117,0.4896395153611346,,
m2,M2,s039,202064,-0.7320748884952575,0.4200537693781576,0.4049501460617454,-0.9583904981803294,-0.4666706109859044,,
m2,M2,s040,202065,-0.970713042247034,0.6752753897662761,0.1027457360993097,-0.8292342624139973,0.0071690287844688,,
m2,M2,s041,202066,0.3303421666527578,0.6864921508574208,-0.0004778793789643,-0.2513725577714048,-0.5565461691202649,,
m2,M2,s042,202067,0.2048102927986024,0.4564454078206732,-0.6598219097260378,0.6431241351145228,0.5237576542658957,,
m2,M2,s043,202068,0.1822379936586019,-0.083755916162467,0.4045188598780901,0.4443226557659252,-0.4705222813504435,,
m2,M2,s044,202069,0.1124943636371313,-0.1045501490236285,0.7767517115251316,-0.3366384892916887,-0.074329240670537,,
m2,M2,s045,202070,-0.6805333638690931,-0.4094083581086316,-0.1771864024638015,0.1895516825180521,-0.0435009973836411,,
m2,M2,s046,202071,0.0802554176141146,0.5518036581304187,0.2247475578315072,-0.5102261480867005,-0.8000342306409126,,
m2,M2,s047,202072,-0.1201209945429275,-0.02391483167564,0.7157075050167471,-0.5719411879358799,-0.6112491512534828,,
m2,M2,s048,202073,-0.5817764405635963,0.9092277652777933,-0.5117642645703048,-1.4628491046840468,-0.1488368913683305,,
m2,M2,s049,202074,0.4690836305360374,0.792282429154967,0.9924523987917244,-0.3756454852037039,0.156632002619897,,
m2,M2,s050,202075,-0.0226600780308059,-0.2277848719518475,-0.5560798938846713,0.2353166426415338,-0.6860347984509017,,
m2,M2,s051,202076,0.1702693174268665,0.1088343574848202,0.0735882396063684,0.9724128687990452,-0.0909423011409495,,
m2,M2,s052,202077,0.8263179130568646,-0.1919838990069722,0.1221985504799841,1.0780611584156112,-0.0128329852663811,,
m2,M2,s053,202078,-0.3449512952694579,0.5077080641822781,0.0714188499421044,-1.7133282510697927,-0.4838560911595822,,
m2,M2,s054,202079,-0.2541485939979822,0.1422448391105126,-0.4075652382033147,-0.2242536004958671,-0.001116027382159,,
m2,M2,s055,202080,0.139698806601503,-0.728189751893979,-0.7752530746312629,-2.3914507566707117,0.2455147113490038,,
m2,M2,s056,202081,-0.1744560518384484,-0.3168917464990479,-0.0328052573620189,-1.4359455638438243,-0.3917325716735806,,
m2,M2,s057,202082,-0.3810281097886292,0.9684629642091208,0.5915467989456566,0.0742273237779565,0.0465626627621675,,
m2,M2,s058,202083,0.6953246607748969,-0.301401971363061,-0.0842384349074811,1.2569751082633442,-0.6255458373852133,,
m2,M2,s059,202084,-1.0426547990113553,-0.5477919806122525,0.5263812379864429,0.350188611927859,-0.1654780905162159,,
m2,M2,s060,202085,0.7901022321531173,0.4448488619111208,0.4796926195154204,0.2625327290571938,0.3540191790402416,,
m2,M2,s061,202086,-0.0667285083830971,-0.005843465898102,0.5976094892539576,-2.9142894293422335,0.8161233623537384,,
m2,M2,s062,202087,-1.0913188453973512,0.0551197452223683,-0.4803515449450536,0.6828990112764188,0.1143165418518751,,
m2,M2,s063,202088,0.2591588169769555,1.2604217796048276,-0.637265546479998,1.667139360047182,1.1133252877199151,,
m2,M2,s064,202089,0.1516149971246124,-0.0208414553076928,0.321864990586641,0.5545141974233129,-0.4899874534006104,,
m2,M2,s065,202090,0.3269063921349716,-0.685448275014244,0.3170365808090457,-0.0791025191230021,0.298200981196899,,
m2,M2,s066,202091,0.4824591590373998,-0.5552654394691406,1.339274982669637,2.32270590685414,0.0795806700764279,,
m2,M2,s067,202092,-0.482260709160006,-0.2018317305784741,-0.104626913750225,-0.7987201187362397,-0.096959316083729,,
m2,M2,s068,202093,0.8140034846283244,0.0593201815092105,0.1553387358655442,0.602863367596638,0.1189470004283447,,
m2,M2,s069,202094,0.0706279575549674,-0.106666387739365,0.1039657689875445,0.40478941333366,-0.2238981663631829,,
m2,M2,s070,202095,1.0578969018257465,-0.622019529248593,-1.7132302352418225,-1.3012790224767472,-0.4475620720966323,,
m2,M2,s071,202096,0.0384932887548544,-1.1041516925630148,-0.2263989073378532,-0.2664019640358852,0.0781683602555314,,
m2,M2,s072,202097,0.3988786575394956,0.1385745892377322,1.3629067260193697,0.7373611346017561,0.1160467336440929,,
m2,M2,s073,202098,0.9644695870783244,-0.6741055923931311,-0.9689066919179818,-0.9970738587586006,-0.1257180464097637,,
m2,M2,s074,202099,0.3114920377168099,-0.4611658215268585,0.1884465692058017,-0.4483499164495503,0.0835198287857442,,
m2,M2,s075,202100,0.6392718961588475,0.4506320719027063,0.4917467184314155,-0.4157846144627059,-0.2174852590934047,,
m2,M2,s076,202101,-0.3479931856922889,0.4343788849834674,-0.1837728795683831,-0.0348171251095239,0.5285222019449657,,
m2,M2,s077,202102,-0.848036230362943,0.102958240349286,-0.3245506001364027,0.3458624151394368,0.5521721885432643,,
m2,M2,s078,202103,-0.0094409614886781,-0.2018373743698086,-0.3215999434630112,-0.6070567400705116,0.3346737880428204,,
m2,M2,s079,202104,0.0960736637087904,0.6097868028335237,0.3899827982276556,0.4121765328719834,-0.3685180894997309,,
m2,M2,s080,202105,-0.0125622734351035,-0.8018029169958455,-0.8326259408972868,0.1188297460817287,-0.0574629354428595,,
m2,M2,s081,202106,-0.8065815893427428,-0.0940267918642425,0.5333381594665777,-0.0609977718481588,-0.2669248958768946,,
m2,M2,s082,202107,0.1224500603253833,0.2494196941845335,-0.2797367241591581,0.0251917882865359,-0.7602870876556832,,
m2,M2,s083,202108,-0.7194006573957551,-0.5191676189247968,0.7326820271464559,0.3087138709650918,0.3541915732109651,,
m2,M2,s084,202109,-0.0121424186137871,0.3017449716126016,0.6117796832313979,0.618550364052587,-1.191959812585652,,
m2,M2,s085,202110,-0.2194149763275142,-0.1561609471702328,0.3898190558740478,-1.052619175800291,0.6226275685376557,,
m2,M2,s086,202111,0.3158863031650955,0.6893024445407699,-0.2766571155043302,-1.40159603789842,1.3041218664370733,,
m2,M2,s087,202112,0.6954756295834594,-0.5635289351839164,-0.0100859982835872,0.7921188485778979,0.0632286458293259,,
m2,M2,s088,202113,-0.0546393253806109,0.2722437558651408,0.0967938197988486,1.547226244572692,-0.012137681957822,,
m2,M2,s089,202114,-0.5980390065691111,0.399528925381881,0.1799644886009572,1.0347215342331242,0.3007360905930614,,
m2,M2,s090,202115,0.2432413293645637,0.3166117714672182,-0.2139916797592146,-0.026375211784895,-0.3450985870632536,,
m2,M2,s091,202116,-0.2128289758076793,-0.0614567160692555,-0.0602991011978767,1.0829777417262554,0.5139517050555471,,
m2,M2,s092,202117,0.2211203782853574,0.0222609676750419,-0.3451443482517831,-0.5808647690673948,-0.762986346591498,,
m2,M2,s093,202118,0.2587301353022682,0.5241008550589038,0.4060095336665719,-1.6045969426987428,-0.7104974786128005,,
m2,M2,s094,202119,-0.0075793808565243,-0.1522316521737986,-0.672444266794693,-1.6502990239923818,-0.6987951417973525,,
m2,M2,s095,202120,0.2375426936567574,-0.0834007719718608,0.6622861744130204,0.3546480465020432,-0.8956787882710668,,
m2,M2,s096,202121,0.3905612588679309,0.2568547691756623,0.2829731258101681,0.6346027134708713,-0.6643482227429575,,
m2,M2,s097,202122,-0.0772698714996921,0.9579614841166644,-0.2620933210440789,0.0414561564559714,0.3534847872521078,,
m2,M2,s098,202123,0.7805420028767086,0.1698984237155056,-0.0497995177655366,0.9570628359892084,-0.4483611717216445,,
m2,M2,s099,202124,0.5703374303734989,0.1070763361048782,0.0594057150474558,-1.054239604541068,0.4437344762389255,,
m3,M3,s000,302025,0.0052049005430156,0.2912671714962095,0.3172084257216901,-0.4098677845620155,0.4155250529017564,-0.4803155065254303,-0.1885617658049045
m3,M3,s001,302026,0.1594161607729076,-0.2675540254925794,-0.8540147357908394,0.8975186527889559,-0.0084680020373979,-0.4592861925443454,-0.2544752823934141
m3,M3,s002,302027,0.143726714203501,-0.6638193456125604,0.2183269045965234,1.43983137846829,0.0531653185759742,0.2285648000647435,-0.7942670264360014
m3,M3,s003,302028,-0.8548510528590478,-0.3643414484124375,-0.2929346413229171,-0.2898603447103318,0.2758543130584729,-0.6863235644763648,0.2805043642313831
m3,M3,s004,302029,0.9030689278652224,-0.272927654773142,0.9620168427408818,-0.1989324281964933,-0.994119464022486,0.0399745682839428,0.9234582562570184
m3,M3,s005,302030,0.4461752046438121,-0.1271141120943146,0.0852516725500577,-1.4966235860300474,-0.1740478219437778,-0.5156767750452521,-0.5460990015324256
m3,M3,s006,302031,0.5815551663444254,-1.1865524518664707,-0.2135319728989109,0.5469813225749105,-0.0439337092516521,-0.1730562768426029,1.0344390946582522
m3,M3,s007,302032,0.9372193953740168,0.5939492028110792,-0.7857129379661744,-0.2496243297626232,0.5699496816075237,-0.5732821291581975,0.1857934811481554
m3,M3,s008,302033,-0.3201625345282811,-0.1606107355926014,0.505719130877344,0.5283929937482471,0.1828304880816766,-0.4401113723801177,-0.6093247530295346
m3,M3,s009,302034,0.0692305768820718,-0.4044452862497556,-0.131920523250888,-1.5730826978879806,0.3186163546882377,0.2036513172772847,-0.0086120986303134
m3,M3,s010,302035,-0.0605984545792274,-0.096046944822023,0.0067702774768688,-0.557558718018341,-0.0719702206876073,-0.0589202159345091,-0.4323302024915873
m3,M3,s011,302036,0.3486139540668674,0.4127696690482181,1.221537046977255,-0.5335912778785945,-0.293172415189373,-0.1346957988854569,0.1993127140466251
m3,M3,s012,302037,-0.506263384991752,0.1583200875547389,0.1188383386783806,0.5570494545416007,0.2256945906240817,0.9123805921409656,0.2892043175955495
m3,M3,s013,302038,0.2574549291608924,-1.046142308068815,-0.0113447933304698,0.9453423600771088,0.7582322854930341,0.1313603782167571,1.41571420831006
m3,M3,s014,302039,-0.4613061500665834,0.14331158733777,1.0969207838133148,0.2946870031580461,0.4066464365179613,0.1466154633684921,-0.4383925863847262
m3,M3,s015,302040,-0.580736445939686,-0.11173720147852,-0.6479796348660948,1.6086358895012087,0.2849211548670511,-0.9930471012131116,0.8966044475045535
m3,M3,s016,302041,0.9256914849665194,-0.1099594417533151,-0.9479981452245146,1.256114061961886,0.478356072783959,0.1858167047533173,0.8433106033100289
m3,M3,s017,302042,-0.330193164196899,-0.1321294435838484,-0.12441335019934,0.5644153512173742,0.510696212386686,0.2527249691265616,0.6674417317109943
m3,M3,s018,302043,-0.1786165797244399,0.5056674698638851,0.2313757502475089,-0.4499452590206022,0.1174488152087843,-0.5011255023506955,-0.4551711972638376
m3,M3,s019,302044,0.7486119891327161,0.1857687808570693,0.1979695524110255,-1.1247524690416786,-0.4123212436402301,-0.1157600465665075,0.452479741197575
m3,M3,s020,302045,-0.4650149427833553,-0.1797774195053283,0.3607515468865391,1.88492040746283,-0.5091059178523213,-0.1024594803918867,-0.0290153509040737
m3,M3,s021,302046,-0.6632375906295842,-0.3040571754675608,-0.7334188069639473,-0.7183237941524264,-0.7349685892340209,0.4562790192838696,0.4709093093552562
m3,M3,s022,302047,0.4687412344638684,0.3290518674875158,-0.071762344958083,-0.8231771675305428,-1.082567794294894,-0.5939625292036625,0.4791421800720887
m3,M3,s023,302048,-0.0127401457195532,-0.152810300206654,-1.551806158782114,-0.5594092287514869,-0.2661820278466392,0.1337816363463977,-0.4971268028839851
m3,M3,s024,302049,0.6486591399443052,-0.5638776488828976,0.2412558711214639,2.127085137375577,-1.3723533809620934,0.4398832881053721,-0.0284025969330349
m3,M3,s025,302050,-0.6300136821323629,-0.7608013326661331,-0.5004655599046112,-0.7293525898338152,-0.280795644176206,0.7287921547853001,0.8710973011707869
m3,M3,s026,302051,-0.082389971796274,0.2496697705232138,0.925338603114643,-1.0962205804244,0.0185022757828767,-0.0609271057530776,-0.1183221369948268
m3,M3,s027,302052,-0.1042835051920706,0.1636533730007321,-0.4588289903688157,0.4401989835493605,-0.1135398311673272,0.5846457924449858,-0.5048203089653369
m3,M3,s028,302053,0.5081507723143983,0.4787495229835208,0.6887563236123594,0.9580857607333092,-0.1759043675225972,-0.0219593334399308,-0.9667423486920128
m3,M3,s029,302054,0.5254060153189116,0.1041580458178218,0.9164352015298868,0.3221692279713388,-0.7882066559708961,-0.3243378690071699,-0.6836762669181387
m3,M3,s030,302055,-0.242686846624416,0.4944733474808031,-0.0913962599932284,-0.2183114897551699,-0.0466419158072844,0.1172314347893968,0.5807009053876458
m3,M3,s031,302056,-0.2120122414457998,-0.1574924745557144,-0.339954146384919,1.0708238922295852,-0.0493058519334436,-0.155491973271526,0.7622060573950411
m3,M3,s032,302057,-0.1410268210404185,-0.3201955732590674,-0.1387638114993888,-0.3200788459510547,-1.1219564905631938,0.4307313557230178,-0.7628633484617556
m3,M3,s033,302058,0.1309822078773214,-0.704562100068805,0.1605070046225145,-0.4153790758342081,0.1783213018127861,0.4858417517318737,0.6255442620742562
m3,M3,s034,302059,0.5565542378558802,0.3648651437460984,0.0254627468014881,0.6645284665113298,-0.5009326225063212,0.2864640096807515,-0.1150407728842866
m3,M3,s035,302060,0.2077421162086594,-0.3035270523561559,0.5343322189721855,-0.0193837866454848,-0.0658654848176667,-0.4820330036680243,-0.3235687873992798
m3,M3,s036,302061,0.479204893352942,-0.6886380821331074,-0.0055974732649123,-1.6387190838762946,0.2192103517980314,-0.785713174012368,-0.0259311652463297
m3,M3,s037,302062,0.7752243876802734,-0.3221742570373327,0.1715987829723514,0.6576278590068085,0.4616611756110381,-0.2482980490411851,-0.1940959886242733
m3,M3,s038,302063,-0.5322979479059513,0.5732310719050655,0.1308590640608664,1.420118044082998,0.2251119676306892,-0.2396275191896041,-0.4242249034446682
m3,M3,s039,302064,-1.095934837730359,0.0994797829832671,-0.2714299210427622,0.3371545874852527,0.1828836795516951,-0.543571385110611,0.282070306653301
m3,M3,s040,302065,-0.163256320153843,0.8778741585801842,-0.556164057827246,0.4930977399454654,-0.466974593314064,0.1832350108394513,-0.5030128533931791
m3,M3,s041,302066,0.815504463792689,0.4367478344872861,0.3393779399358888,0.1663221608316637,0.4937926957740969,-0.1406894304466083,0.0548840902567459
m3,M3,s042,302067,0.2152421747354756,0.7769171315809418,-0.3364102868361872,1.4416329882619208,-0.0652791682231613,0.5251058373392615,-0.4401301114602057
m3,M3,s043,302068,0.2225512359402445,0.4084091325900758,-0.4995828204171857,0.9193307395857624,-0.25524863768283,0.2650222980731658,0.0906080379623115
m3,M3,s044,302069,0.1274416580624962,0.4596533529382878,-0.1830122849590106,-1.4528703024891128,-0.0387793254672327,-0.7396620758603536,0.1012406688106907
m3,M3,s045,302070,-0.0560687836794879,0.0197318914561548,0.0630877189123037,0.3743032182377631,0.1052773681104133,0.0224618818940266,-0.4021048913458571
m3,M3,s046,302071,0.9132503071820202,-0.3068628590786075,0.39605207911148,0.1549055438803303,-0.7071749650423068,-0.0701323439159792,0.1310346317783508
m3,M3,s047,302072,-0.1586040390417048,-0.1729923051560969,-0.2062263258655227,-0.5048161092159653,-0.1663611402215306,-0.92897059374705,0.7399775338347979
m3,M3,s048,302073,-0.2618290975835167,0.9491774056660256,0.1322753817754527,-1.0661401733168054,0.2294751178337156,0.2179200448601182,-0.0051642007614019
m3,M3,s049,302074,0.0249139377806053,-0.7130481440428844,0.525394551904236,0.87008064902721,0.2955825247290006,0.552071542307726,-0.0480912426452048
m3,M3,s050,302075,-1.3406731497393296,-0.3740299440622384,0.0712855063723914,0.8280458108766435,1.2974289961955146,-0.2109872886278587,0.4620501579056802
m3,M3,s051,302076,0.0469267794110168,-0.5981313366175255,0.4748745413943102,-0.0227030103021911,0.2789028160027678,0.0284183104118893,-0.4107361247727697
m3,M3,s052,302077,0.5508869939196626,-0.2669842078171536,0.4232194605351562,0.0984314108865149,-0.8365272959803557,0.0859772893197291,-0.40880107543558
m3,M3,s053,302078,0.210890429404604,0.5130719890167498,-0.4233947152148435,1.3535247776565,-0.1603695842245822,-0.1231181133642701,-0.4279005027838822
m3,M3,s054,302079,0.034853221867661,-0.1162014767876635,-0.0442524283271695,-1.1901808793354354,0.5660513039737946,-0.4516143730554927,0.8807918851714629
m3,M3,s055,302080,0.4399609164507509,-0.4339207445930108,0.6581315036540547,-0.7361533838736414,0.1088133134455659,-0.2752794095699362,0.2508147439020015
m3,M3,s056,302081,1.0968337049067791,0.5516017878193206,-0.4957990891144124,-1.325085352020208,0.5727711641498732,-0.890359786408232,0.238390984908682
m3,M3,s057,302082,-0.2807739164107241,-0.3739586206092633,-0.4360154495722678,-0.7607476496435022,0.2171022213940685,-0.2177842928217984,-1.092349506870984
m3,M3,s058,302083,-0.4528129714658637,-0.454041794257819,0.5321994586589376,-2.0279341514669493,-0.0140339654092219,-0.7807408568683435,-0.8571512984046433
m3,M3,s059,302084,0.2676125278913475,0.2536873505133178,-0.439443421525323,-1.089937182429518,0.1866736127730152,-0.3623198130452705,0.7082610742598805
m3,M3,s060,302085,-0.1833111058685238,0.7758032314121899,-0.8756987929031469,-0.7235045267231447,-1.2537410643308116,0.5791309872527753,-1.1552307506384585
m3,M3,s061,302086,0.6582863242631602,-0.0917647968958103,-0.8028285052226003,-2.7825400091366337,-0.1825472084427069,-0.2591654393393404,-0.1653934786556759
m3,M3,s062,302087,-0.2135170104367992,-0.1705704931228396,-0.3941336548425684,-0.363284119938637,-0.0914178220090453,0.0116497969389391,-0.0916480494694029
m3,M3,s063,302088,0.1212853131320739,0.3098796434081762,-0.1708110979170049,-0.7933678639978362,0.5714239327870652,-0.0023953991849935,0.1701936572029873
m3,M3,s064,302089,-1.0320097522718603,0.3879656411250176,-0.1319649826388781,-0.7340752957878472,0.0230034035077375,0.0150011241692449,0.5432509551729903
m3,M3,s065,302090,-0.1415148331632882,-0.0066516798124419,-0.058355544674087,-1.607977858309913,0.6315081868212892,-0.2911677113787936,0.0462533320873819
m3,M3,s066,302091,0.7861883963117409,0.0025837249290068,-0.1197008976888302,-0.0261307527867892,0.3077869136744472,-0.115207612779025,-0.2275547854810221
m3,M3,s067,302092,-0.4080752230020179,0.5514661133588968,-0.1659291203910862,-0.8810175107690822,0.8385931915744962,-0.240967332566131,0.6413620003964776
m3,M3,s068,302093,-0.3212728700558613,-0.4164959102754232,0.4541220524179132,-0.5566544585557814,-0.4771277632990332,-1.3804928890677777,0.1946188773966352
m3,M3,s069,302094,0.6055703045231501,-0.6066854235269622,-0.5277296484290616,0.4002681925003847,-0.3127176570596244,-0.3116658127488805,-0.6116748215762056
m3,M3,s070,302095,-0.144421739026026,-1.0293924309453668,0.2200808214233945,-0.4854042778926648,0.9660910504169584,-0.7033872441416464,0.3675563983238709
m3,M3,s071,302096,0.8242640300013357,0.2303545617033124,-0.1405746984041212,-0.3906839901259717,-0.485653783830609,-0.2235442617817148,0.4593181884358833
m3,M3,s072,302097,-0.4092255883880363,0.1791842157111295,0.6200957392854708,-0.611674742141452,-0.198906045490488,-0.6937915736137417,0.447853254223612
m3,M3,s073,302098,-0.2458261727376159,-0.0764603474749687,-0.1140323755042422,-0.5040040363913919,-0.4847125170854112,0.2957085946434472,-0.70143465244226
m3,M3,s074,302099,0.1855731512704813,-0.430048584875481,0.1323353832966126,1.0693152495971543,-0.6829535111345113,0.0670666769815686,-0.6646517005379335
m3,M3,s075,302100,-0.8221860488679478,-0.6544058213483716,0.1785725947999974,-0.2742161422687221,-0.1541481203241139,0.2410319875493391,-0.1711960240612684
m3,M3,s076,302101,-0.0358846678999288,0.0564859975243446,-0.4511939120233074,-0.2226330070838923,0.172619088961667,-0.0723429319788991,-0.1541483577690432
m3,M3,s077,302102,0.0200775445398089,-0.0100354347020456,0.7519795737784101,0.1572166865158415,-0.3789100972383705,0.0653961010289661,0.991282318236102
m3,M3,s078,302103,0.7516346641208713,0.0701564011994782,0.099421052996254,-0.2774048623680972,0.7979253589614842,0.1555792322417592,-0.7349803870250085
m3,M3,s079,302104,0.0259815107754435,0.6139468202203195,-0.1856471455034988,-0.544702166375035,0.714613000385006,0.3559404033084256,0.558117420855555
m3,M3,s080,302105,0.5340676880493694,0.1497661593361932,-0.170687092560161,-1.438582433868517,-0.0020308446659059,0.6182562356719906,-0.6981761013935142
m3,M3,s081,302106,-0.154102858961642,0.5664083114578095,-0.0979714289038493,0.0685208824942581,-0.2066640023326077,-0.2551358221337077,-0.2879455683812686
m3,M3,s082,302107,0.0679686680397385,0.5143802276489174,0.8967519832629819,-0.5849782237236961,0.3433586899380506,-0.1650323740211179,-0.4068158717622295
m3,M3,s083,302108,-1.1207991975940217,0.5816537307458217,0.5048375265169214,0.7567904714744579,0.8947998592521892,-0.1236773119147963,0.3492540317965311
m3,M3,s084,302109,0.9357835761871712,0.5484043656189361,0.0836173046134455,-1.507109151644918,0.2473443776196437,0.1899835393128973,-0.5652728626498174
m3,M3,s085,302110,0.2717866569185073,0.7613270853316292,-0.06052855687301,0.6456802131012934,-0.1643020692020139,-0.2610486468050382,-0.0311193418513031
m3,M3,s086,302111,0.012002275135312,-1.3137017912140552,0.6068199342507624,-0.940643913454886,0.181492609203701,0.3331706851324115,0.5217801457307598
m3,M3,s087,302112,0.3716028091778418,0.850580516912741,-0.3302404805500771,0.1833800679974151,0.1078168788851231,0.2284031499252338,-1.9904858732838435
m3,M3,s088,302113,0.4368637849456721,-1.149712450314038,0.3662086492887431,0.2400717087873345,-0.4047171171724276,-0.7694686395343703,0.0227816756815208
m3,M3,s089,302114,-0.8190518250971467,0.3341048761196593,0.1607757886649222,3.018954828757903,-1.3059955053345913,-0.2266279294886208,0.7993753003551947
m3,M3,s090,302115,0.0397908642974161,1.0214029453270732,-0.4707096706853647,-0.5567169581439759,-0.3279447828385395,-0.1654128200412226,-0.2411714955113215
m3,M3,s091,302116,0.1659530892446544,-0.2660452224676305,-0.1682506632195786,1.242300267984766,-0.2033860186574906,-0.6259585576217254,0.7607904923656492
m3,M3,s092,302117,0.6238881514412634,-0.5879012659492694,-0.4575158828805826,0.2267219841019533,-0.0441719787365039,-0.1803714574637262,0.9313691226408904
m3,M3,s093,302118,0.9910565489319748,-0.2193074198675026,0.0813806695559253,0.8612001094236943,0.917201702011902,0.448142211590402,-0.2696849918917624
m3,M3,s094,302119,0.0670156786496453,-0.3755167680282626,-1.4176367296162735,-0.0735760325594086,-0.4917984053458115,-0.3435830749962261,-0.6047190674295732
m3,M3,s095,302120,-0.3072375085313296,0.0837520456685933,0.3254623233841239,1.9233801945415223,-0.7505422360098951,-0.3904764295468049,-0.4788781846196409
m3,M3,s096,302121,0.3565678803096004,0.6513541167059499,-0.2970131279338434,-0.8011028094627918,-0.0276594314685708,-0.335752098585894,0.5454694393964846
m3,M3,s097,302122,-0.1091719681948667,0.1061144323769953,0.5306831221521222,0.3654503137182725,0.1508908010428772,-0.6642519660433222,-0.4285883832879168
m3,M3,s098,302123,-0.2095456025996462,-0.6251511564898429,-0.125124032334053,-0.7523186791990887,-0.3441940462790328,0.5932290508090811,-0.0430337286138077
m3,M3,s099,302124,-1.052121606521435,-0.0077777858041703,0.0851507614930795,0.1229134416414384,0.7786104017115514,-0.4506110511636814,-0.2077742526527023
