"id","estimate","sd"
"s0",-614.597900771282,0.000550227002910316
"s1",-495.975191436868,0.000474726871773302
"s10",-240.592176386323,0.000452669192629085
"s11",-361.831534307684,0.000343335758065012
"s12",-344.619367105065,0.000596544888658786
"s13",-735.313751812993,0.000815208238319248
"s14",-568.235664470807,0.000530064464635244
"s15",-484.270995095949,0.000577128117017862
"s16",-587.036923989148,0.000712839004402819
"s2",-376.993320559845,0.000441424731293503
"s3",-608.707225292422,0.000941037407368265
"s4",-562.444028615108,0.000825087787493944
"s5",-313.199663204903,0.00042145877010076
"s6",-251.38198759004,0.000337917750549817
"s7",-528.184248578715,0.000601037921310766
"s8",-568.647626443578,0.000417746785033143
"s9",-588.131491692878,0.000746089096843989
